start,end,source_ip
2020-01-02 05:06:17.152636,2020-01-02 05:10:30.152636,212.79.15.228
2020-01-02 11:42:38.771415,2020-01-02 11:45:58.771415,44.207.171.119
2020-01-04 12:47:28.274740,2020-01-04 12:50:26.274740,102.37.208.146
2020-01-05 04:05:48.667872,2020-01-05 04:08:03.667872,115.254.130.159
2020-01-05 12:20:20.488520,2020-01-05 12:24:34.488520,60.7.50.17
2020-01-05 14:12:09.305708,2020-01-05 14:12:19.305708,172.212.156.109
2020-01-05 22:01:55.710815,2020-01-05 22:06:09.710815,3.129.125.21
2020-01-06 04:36:09.521945,2020-01-06 04:37:07.521945,85.232.196.103
2020-01-06 06:36:25.162335,2020-01-06 06:40:17.162335,106.135.176.125
2020-01-06 07:00:09.257266,2020-01-06 07:02:42.257266,45.203.165.34
2020-01-06 12:18:31.983588,2020-01-06 12:19:30.983588,32.165.117.36
2020-01-06 22:02:20.995917,2020-01-06 22:04:59.995917,41.47.219.163
2020-01-07 01:50:36.636824,2020-01-07 01:54:51.636824,56.22.189.212
2020-01-07 15:56:37.757257,2020-01-07 16:00:53.757257,94.159.73.242
2020-01-08 04:38:36.844485,2020-01-08 04:41:36.844485,13.32.238.186
2020-01-08 05:29:53.214465,2020-01-08 05:30:17.214465,186.93.42.31
2020-01-08 17:28:34.779379,2020-01-08 17:28:48.779379,58.107.209.61
2020-01-10 07:30:26.876106,2020-01-10 07:32:49.876106,157.210.176.48
2020-01-10 13:57:57.084700,2020-01-10 13:58:03.084700,156.92.40.238
2020-01-10 17:22:31.408398,2020-01-10 17:26:38.408398,12.144.152.111
2020-01-10 19:56:37.693597,2020-01-10 19:57:07.693597,123.181.14.244
2020-01-10 21:05:01.672551,2020-01-10 21:09:03.672551,76.93.125.200
2020-01-11 05:25:42.731501,2020-01-11 05:29:54.731501,64.241.220.7
2020-01-11 06:50:08.095212,2020-01-11 06:52:27.095212,68.240.3.84
2020-01-11 20:49:51.069654,2020-01-11 20:53:59.069654,9.21.121.140
2020-01-12 00:36:46.795255,2020-01-12 00:39:26.795255,197.181.106.249
2020-01-12 03:27:30.458678,2020-01-12 03:31:40.458678,128.72.233.189
2020-01-12 05:31:03.450900,2020-01-12 05:31:20.450900,82.46.210.143
2020-01-12 17:43:21.065683,2020-01-12 17:47:01.065683,56.76.244.23
2020-01-13 01:24:46.203080,2020-01-13 01:28:59.203080,238.68.19.247
2020-01-14 00:57:51.991626,2020-01-14 00:59:00.991626,47.1.96.44
2020-01-14 06:06:59.917600,2020-01-14 06:07:46.917600,137.135.179.221
2020-01-14 15:10:16.771763,2020-01-14 15:10:42.771763,108.10.30.212
2020-01-15 01:30:36.402691,2020-01-15 01:32:25.402691,123.208.196.117
2020-01-15 10:50:52.730916,2020-01-15 10:51:08.730916,18.149.98.234
2020-01-15 13:40:28.391765,2020-01-15 13:44:43.391765,194.102.67.5
2020-01-15 16:49:20.301922,2020-01-15 16:49:27.301922,223.53.246.156
2020-01-16 22:57:31.687719,2020-01-16 22:58:26.687719,109.117.251.42
2020-01-17 00:59:46.899255,2020-01-17 01:03:55.899255,79.106.146.165
2020-01-17 12:11:57.815826,2020-01-17 12:13:15.815826,169.245.237.99
2020-01-17 16:32:12.703383,2020-01-17 16:36:20.703383,151.113.141.12
2020-01-17 21:18:25.964143,2020-01-17 21:18:35.964143,77.108.9.14
2020-01-18 07:42:55.715697,2020-01-18 07:45:37.715697,65.18.201.135
2020-01-18 20:00:27.092017,2020-01-18 20:02:48.092017,185.162.253.102
2020-01-19 03:33:06.444065,2020-01-19 03:34:24.444065,146.208.4.162
2020-01-19 05:43:03.310628,2020-01-19 05:47:13.310628,48.95.12.122
2020-01-19 07:24:08.514951,2020-01-19 07:28:21.514951,36.155.12.126
2020-01-20 00:49:02.436583,2020-01-20 00:50:49.436583,147.135.223.176
2020-01-20 04:32:54.677586,2020-01-20 04:33:14.677586,4.180.85.251
2020-01-20 20:38:27.530393,2020-01-20 20:38:45.530393,21.28.196.181
2020-01-21 01:41:37.693961,2020-01-21 01:43:39.693961,238.220.52.156
2020-01-21 12:50:13.826019,2020-01-21 12:53:51.826019,185.225.97.222
2020-01-22 03:13:30.417835,2020-01-22 03:14:29.417835,16.203.112.13
2020-01-22 12:01:50.963075,2020-01-22 12:03:36.963075,32.62.152.184
2020-01-22 18:38:06.168025,2020-01-22 18:42:12.168025,214.33.146.179
2020-01-23 12:14:29.531501,2020-01-23 12:16:03.531501,174.35.106.98
2020-01-23 21:49:18.896792,2020-01-23 21:53:29.896792,180.224.193.248
2020-01-24 11:12:27.022326,2020-01-24 11:13:57.022326,115.161.192.152
2020-01-27 08:18:18.649000,2020-01-27 08:21:39.649000,237.238.154.146
2020-01-27 21:27:14.620216,2020-01-27 21:30:09.620216,8.154.159.82
2020-01-28 07:22:58.544997,2020-01-28 07:24:41.544997,172.241.109.87
2020-01-28 08:47:04.176504,2020-01-28 08:51:12.176504,108.254.62.248
2020-01-28 11:21:49.389171,2020-01-28 11:26:01.389171,26.87.240.117
2020-01-28 17:58:37.708978,2020-01-28 18:00:14.708978,215.107.45.13
2020-01-29 12:16:39.881617,2020-01-29 12:18:48.881617,169.158.103.34
2020-01-29 14:23:33.274169,2020-01-29 14:25:30.274169,34.182.226.5
2020-01-29 16:58:03.597600,2020-01-29 17:01:32.597600,76.220.178.50
2020-01-30 04:20:07.415766,2020-01-30 04:23:14.415766,59.224.84.239
2020-01-30 08:34:43.358908,2020-01-30 08:38:55.358908,142.193.1.223
2020-01-30 09:58:10.709766,2020-01-30 10:02:20.709766,72.230.236.222
2020-01-30 14:35:38.031407,2020-01-30 14:38:16.031407,218.67.211.107
2020-01-30 15:10:29.933621,2020-01-30 15:10:53.933621,125.87.186.47
2020-01-30 20:32:21.066734,2020-01-30 20:35:44.066734,212.96.244.168
